id,car_id,last4ccnum,LastName,FirstName,group,CurrentEmploymentTitle,label
1,35,2463,Vasco-Pais,Willem,Executive,Environmental Safety Advisor,Vasco-Pais Willem
2,4,7688,Barranco,Ingrid,Executive,SVP/CFO,Barranco Ingrid
3,19,6895,Frente,Vira,Engineering,Hydraulic Technician,Frente Vira
4,10,8332,Campo-Corrente,Ada,Executive,SVP/CIO,Campo-Corrente Ada
5,7,2540,Orilla,Elsa,Engineering,Drill Technician,Orilla Elsa
6,11,1321,Calzas,Axel,Engineering,Hydraulic Technician,Calzas Axel
7,32,8156,Strum,Orhan,Executive,SVP/COO,Strum Orhan
8,34,4795,Vann,Edvard,Security,Perimeter Control,Vann Edvard
9,17,7384,Flecha,Sven,Information Technology,IT Technician,Flecha Sven
10,12,7108,Cocinaro,Hideki,Security,Site Control,Cocinaro Hideki
11,18,9617,Frente,Birgitta,Engineering,Geologist,Frente Birgitta
12,20,6816,Fusil,Stenig,Security,Building Control,Fusil Stenig
13,1,9551,Calixto,Nils,Information Technology,IT Helpdesk,Calixto Nils
14,16,7354,Vann,Isia,Security,Perimeter Control,Vann Isia
15,6,7253,Bergen,Linnea,Information Technology,IT Group Manager,Bergen Linnea
16,3,9635,Balas,Felix,Engineering,Engineer,Balas Felix
17,26,1310,Onda,Marin,Engineering,Drill Site Manager,Onda Marin
18,13,7819,Ferro,Inga,Security,Site Control,Ferro Inga
19,29,3547,Ovan,Bertrand,Facilities,Facilities Group Manager,Ovan Bertrand
20,29,5921,Ovan,Bertrand,Facilities,Facilities Group Manager,Ovan Bertrand
21,21,9405,Osvaldo,Hennie,Security,Perimeter Control,Osvaldo Hennie
22,14,1874,Dedos,Lidelse,Engineering,Engineering Group Manager,Dedos Lidelse
23,33,9683,Tempestad,Brand,Engineering,Drill Technician,Tempestad Brand
24,2,1415,Azada,Lars,Engineering,Engineer,Azada Lars
25,27,3492,Orilla,Kare,Engineering,Drill Technician,Orilla Kare
26,8,7889,Alcazar,Lucas,Information Technology,IT Technician,Alcazar Lucas
27,24,4434,Mies,Minke,Security,Perimeter Control,Mies Minke
28,23,3484,Lagos,Varja,Security,Badging Office,Lagos Varja
29,25,2142,Herrero,Kanon,Engineering,Geologist,Herrero Kanon
30,30,6901,Resumir,Felix,Security,Security Group Manager,Resumir Felix
31,22,1286,Nubarron,Adra,Security,Badging Office,Nubarron Adra
32,15,3853,Bodrogi,Loreto,Security,Site Control,Bodrogi Loreto
33,5,6899,Baza,Isak,Information Technology,IT Technician,Baza Isak
34,9,1877,Cazar,Gustav,Engineering,Drill Technician,Cazar Gustav
35,31,5010,Sanjorge Jr.,Sten,Executive,President/CEO,Sanjorge Jr. Sten
36,28,9241,Borrasca,Isande,Engineering,Drill Technician,Borrasca Isande
37,NA,NA,NA,NA,Locations,NA,GASTech
38,NA,NA,NA,NA,Locations,NA,Hallowed Grounds
39,NA,NA,NA,NA,Locations,NA,Abila Zacharo
40,NA,NA,NA,NA,Locations,NA,House 12
41,NA,NA,NA,NA,Locations,NA,Guy's Gyros
42,NA,NA,NA,NA,Locations,NA,Kalami Kafenion
43,NA,NA,NA,NA,Locations,NA,Katerina's Cafe
44,NA,NA,NA,NA,Locations,NA,General Grocer
45,NA,NA,NA,NA,Locations,NA,Brew've Been Served
46,NA,NA,NA,NA,Locations,NA,Ouzeri Elian
47,NA,NA,NA,NA,Locations,NA,House 20
48,NA,NA,NA,NA,Locations,NA,Bean There Done That
49,NA,NA,NA,NA,Locations,NA,House 2
50,NA,NA,NA,NA,Locations,NA,Hippokampos
51,NA,NA,NA,NA,Locations,NA,Meeting Point 2
52,NA,NA,NA,NA,Locations,NA,Work 28?
53,NA,NA,NA,NA,Locations,NA,House 28
54,NA,NA,NA,NA,Locations,NA,Shoppers' Delight
55,NA,NA,NA,NA,Locations,NA,Kronos Capitol
56,NA,NA,NA,NA,Locations,NA,Coffee Cameleon
57,NA,NA,NA,NA,Locations,NA,Meeting Point 3
58,NA,NA,NA,NA,Locations,NA,Kronos Mart
59,NA,NA,NA,NA,Locations,NA,Octavio's Office Supplies
60,NA,NA,NA,NA,Locations,NA,"House 22,23,30"
61,NA,NA,NA,NA,Locations,NA,Meeting Point 6
62,NA,NA,NA,NA,Locations,NA,"House 6,25,29"
63,NA,NA,NA,NA,Locations,NA,Gelatogalore
64,NA,NA,NA,NA,Locations,NA,Frydos Autosupply n' More
65,NA,NA,NA,NA,Locations,NA,"House 15,16,13,21"
66,NA,NA,NA,NA,Locations,NA,"House of 17,33,24"
67,NA,NA,NA,NA,Locations,NA,Meeting Point 4
68,NA,NA,NA,NA,Locations,NA,Roberts and Sons
69,NA,NA,NA,NA,Locations,NA,house 18 and 14
70,NA,NA,NA,NA,Locations,NA,"house 18, 14, 21"
71,NA,NA,NA,NA,Locations,NA,House 1
72,NA,NA,NA,NA,Locations,NA,House 8
73,NA,NA,NA,NA,Locations,NA,House 5
74,NA,NA,NA,NA,Locations,NA,Jack's Magical Beans
75,NA,NA,NA,NA,Locations,NA,House 34
76,NA,NA,NA,NA,Locations,NA,U-Pump
77,NA,NA,NA,NA,Locations,NA,House 27
78,NA,NA,NA,NA,Locations,NA,Meeting Point 5
79,NA,NA,NA,NA,Locations,NA,Chostus Hotel
80,NA,NA,NA,NA,Locations,NA,House 32
81,NA,NA,NA,NA,Locations,NA,Frank's Fuel
82,NA,NA,NA,NA,Locations,NA,House 26
83,NA,NA,NA,NA,Locations,NA,Brewed Awakenings
84,NA,NA,NA,NA,Locations,NA,Albert's Fine Clothing
85,NA,NA,NA,NA,Locations,NA,House 35
86,NA,NA,NA,NA,Locations,NA,House 10
87,NA,NA,NA,NA,Locations,NA,Ahaggo Museum
88,NA,NA,NA,NA,Locations,NA,House 4
89,NA,NA,NA,NA,Locations,NA,Meeting Point 1
90,NA,NA,NA,NA,Locations,NA,House 11
91,NA,NA,NA,NA,Locations,NA,House 9
92,NA,NA,NA,NA,Locations,NA,House 7
93,NA,NA,NA,NA,Locations,NA,House 3
94,NA,NA,NA,NA,Locations,NA,House 19
95,NA,NA,NA,NA,Locations,NA,Desafio Golf Course
