from,to,weight,date,hour,time_bin
13,39,2,2014-01-08,0,Late night
13,39,2,2014-01-17,0,Late night
13,84,4,2014-01-05,0,Late night
13,84,2,2014-01-10,0,Late night
13,37,7,2014-01-05,0,Late night
13,37,5,2014-01-06,0,Late night
13,37,8,2014-01-07,0,Late night
13,37,4,2014-01-08,0,Late night
13,37,4,2014-01-09,0,Late night
13,37,4,2014-01-12,0,Late night
13,37,4,2014-01-13,0,Late night
13,37,5,2014-01-14,0,Late night
13,37,5,2014-01-15,0,Late night
13,37,4,2014-01-16,0,Late night
13,63,2,2014-01-06,0,Late night
13,41,2,2014-01-15,0,Late night
13,38,2,2014-01-05,0,Late night
13,38,2,2014-01-06,0,Late night
13,38,2,2014-01-07,0,Late night
13,38,2,2014-01-08,0,Late night
13,38,2,2014-01-09,0,Late night
13,38,2,2014-01-12,0,Late night
13,38,2,2014-01-13,0,Late night
13,38,2,2014-01-14,0,Late night
13,38,2,2014-01-15,0,Late night
13,38,2,2014-01-16,0,Late night
13,50,2,2014-01-05,0,Late night
13,50,2,2014-01-07,0,Late night
13,50,2,2014-01-10,0,Late night
13,50,2,2014-01-11,0,Late night
13,50,2,2014-01-12,0,Late night
13,71,4,2014-01-05,0,Late night
13,71,9,2014-01-06,0,Late night
13,71,4,2014-01-07,0,Late night
13,71,4,2014-01-08,0,Late night
13,71,3,2014-01-09,0,Late night
13,71,6,2014-01-10,0,Late night
13,71,4,2014-01-11,0,Late night
13,71,6,2014-01-12,0,Late night
13,71,4,2014-01-13,0,Late night
13,71,7,2014-01-14,0,Late night
13,71,7,2014-01-15,0,Late night
13,71,4,2014-01-16,0,Late night
13,71,6,2014-01-17,0,Late night
13,71,1,2014-01-18,0,Late night
13,49,5,2014-01-09,0,Late night
13,42,2,2014-01-13,0,Late night
13,58,2,2014-01-17,0,Late night
13,46,2,2014-01-06,0,Late night
13,46,2,2014-01-07,0,Late night
13,46,2,2014-01-09,0,Late night
13,46,2,2014-01-12,0,Late night
13,46,2,2014-01-13,0,Late night
13,46,4,2014-01-14,0,Late night
13,46,2,2014-01-15,0,Late night
13,46,2,2014-01-16,0,Late night
13,46,2,2014-01-17,0,Late night
13,46,2,2014-01-18,0,Late night
13,54,2,2014-01-10,0,Late night
24,39,2,2014-01-06,0,Late night
24,39,2,2014-01-07,0,Late night
24,48,2,2014-01-05,0,Late night
24,48,2,2014-01-06,0,Late night
24,48,2,2014-01-07,0,Late night
24,48,2,2014-01-08,0,Late night
24,48,2,2014-01-09,0,Late night
24,48,2,2014-01-12,0,Late night
24,48,2,2014-01-13,0,Late night
24,48,2,2014-01-15,0,Late night
24,48,2,2014-01-16,0,Late night
24,37,4,2014-01-05,0,Late night
24,37,6,2014-01-06,0,Late night
24,37,4,2014-01-07,0,Late night
24,37,4,2014-01-08,0,Late night
24,37,6,2014-01-09,0,Late night
24,37,4,2014-01-12,0,Late night
24,37,4,2014-01-13,0,Late night
24,37,4,2014-01-14,0,Late night
24,37,4,2014-01-15,0,Late night
24,37,4,2014-01-16,0,Late night
24,63,2,2014-01-09,0,Late night
24,63,2,2014-01-12,0,Late night
24,41,2,2014-01-05,0,Late night
24,41,2,2014-01-08,0,Late night
24,41,2,2014-01-13,0,Late night
24,41,2,2014-01-14,0,Late night
24,50,4,2014-01-05,0,Late night
24,50,2,2014-01-06,0,Late night
24,50,2,2014-01-07,0,Late night
24,50,2,2014-01-09,0,Late night
24,50,2,2014-01-10,0,Late night
24,50,2,2014-01-11,0,Late night
24,50,2,2014-01-12,0,Late night
24,50,4,2014-01-13,0,Late night
24,50,4,2014-01-14,0,Late night
24,50,2,2014-01-15,0,Late night
24,50,2,2014-01-17,0,Late night
24,50,2,2014-01-18,0,Late night
24,49,3,2014-01-05,0,Late night
24,49,4,2014-01-06,0,Late night
24,49,4,2014-01-07,0,Late night
24,49,2,2014-01-08,0,Late night
24,49,4,2014-01-09,0,Late night
24,49,4,2014-01-10,0,Late night
24,49,2,2014-01-11,0,Late night
24,49,4,2014-01-12,0,Late night
24,49,6,2014-01-13,0,Late night
24,49,4,2014-01-14,0,Late night
24,49,4,2014-01-15,0,Late night
24,49,2,2014-01-16,0,Late night
24,49,2,2014-01-17,0,Late night
24,49,1,2014-01-18,0,Late night
24,58,2,2014-01-15,0,Late night
24,46,2,2014-01-16,0,Late night
16,39,2,2014-01-12,0,Late night
16,39,2,2014-01-14,0,Late night
16,84,2,2014-01-07,0,Late night
16,84,2,2014-01-13,0,Late night
16,48,2,2014-01-05,0,Late night
16,48,2,2014-01-07,0,Late night
16,48,2,2014-01-09,0,Late night
16,48,2,2014-01-12,0,Late night
16,48,2,2014-01-13,0,Late night
16,48,2,2014-01-14,0,Late night
16,48,2,2014-01-15,0,Late night
16,48,2,2014-01-16,0,Late night
16,81,2,2014-01-17,0,Late night
16,37,4,2014-01-05,0,Late night
16,37,4,2014-01-06,0,Late night
16,37,4,2014-01-07,0,Late night
16,37,4,2014-01-08,0,Late night
16,37,4,2014-01-09,0,Late night
16,37,4,2014-01-12,0,Late night
16,37,4,2014-01-13,0,Late night
16,37,4,2014-01-14,0,Late night
16,37,4,2014-01-15,0,Late night
16,37,4,2014-01-16,0,Late night
16,63,2,2014-01-16,0,Late night
16,41,2,2014-01-05,0,Late night
16,41,2,2014-01-06,0,Late night
16,41,2,2014-01-09,0,Late night
16,50,2,2014-01-07,0,Late night
16,50,4,2014-01-08,0,Late night
16,50,2,2014-01-10,0,Late night
16,50,2,2014-01-11,0,Late night
16,50,2,2014-01-14,0,Late night
16,50,2,2014-01-15,0,Late night
16,50,2,2014-01-16,0,Late night
16,50,2,2014-01-18,0,Late night
16,49,1,2014-01-09,0,Late night
16,49,1,2014-01-10,0,Late night
16,93,1,2014-01-05,0,Late night
16,93,2,2014-01-06,0,Late night
16,93,4,2014-01-07,0,Late night
16,93,4,2014-01-08,0,Late night
16,93,5,2014-01-09,0,Late night
16,93,3,2014-01-10,0,Late night
16,93,2,2014-01-11,0,Late night
16,93,2,2014-01-12,0,Late night
16,93,6,2014-01-13,0,Late night
16,93,4,2014-01-14,0,Late night
16,93,4,2014-01-15,0,Late night
16,93,6,2014-01-16,0,Late night
16,93,2,2014-01-17,0,Late night
16,93,1,2014-01-18,0,Late night
16,42,2,2014-01-13,0,Late night
16,42,2,2014-01-15,0,Late night
16,42,2,2014-01-17,0,Late night
2,39,4,2014-01-05,0,Late night
2,39,2,2014-01-06,0,Late night
2,39,2,2014-01-12,0,Late night
2,39,2,2014-01-14,0,Late night
2,84,2,2014-01-12,0,Late night
2,83,4,2014-01-05,0,Late night
2,83,4,2014-01-06,0,Late night
2,83,2,2014-01-07,0,Late night
2,83,2,2014-01-08,0,Late night
2,83,4,2014-01-09,0,Late night
2,83,4,2014-01-12,0,Late night
2,83,4,2014-01-13,0,Late night
2,83,2,2014-01-14,0,Late night
2,83,4,2014-01-15,0,Late night
2,83,2,2014-01-16,0,Late night
2,95,2,2014-01-11,0,Late night
2,95,2,2014-01-18,0,Late night
2,37,4,2014-01-05,0,Late night
2,37,4,2014-01-06,0,Late night
2,37,4,2014-01-07,0,Late night
2,37,4,2014-01-08,0,Late night
2,37,4,2014-01-09,0,Late night
2,37,4,2014-01-12,0,Late night
2,37,4,2014-01-13,0,Late night
2,37,4,2014-01-14,0,Late night
2,37,4,2014-01-15,0,Late night
2,37,4,2014-01-16,0,Late night
2,41,2,2014-01-16,0,Late night
2,50,2,2014-01-05,0,Late night
2,50,2,2014-01-06,0,Late night
2,50,2,2014-01-07,0,Late night
2,50,4,2014-01-09,0,Late night
2,50,4,2014-01-10,0,Late night
2,50,2,2014-01-11,0,Late night
2,50,2,2014-01-13,0,Late night
2,50,2,2014-01-14,0,Late night
2,50,2,2014-01-15,0,Late night
2,50,2,2014-01-16,0,Late night
2,88,3,2014-01-05,0,Late night
2,88,4,2014-01-06,0,Late night
2,88,6,2014-01-07,0,Late night
2,88,4,2014-01-08,0,Late night
2,88,6,2014-01-09,0,Late night
2,88,4,2014-01-10,0,Late night
2,88,6,2014-01-11,0,Late night
2,88,4,2014-01-12,0,Late night
2,88,2,2014-01-13,0,Late night
2,88,6,2014-01-14,0,Late night
2,88,4,2014-01-15,0,Late night
2,88,4,2014-01-16,0,Late night
2,88,4,2014-01-17,0,Late night
2,88,1,2014-01-18,0,Late night
2,43,2,2014-01-09,0,Late night
2,43,2,2014-01-15,0,Late night
2,43,2,2014-01-17,0,Late night
2,58,2,2014-01-08,0,Late night
2,57,2,2014-01-10,0,Late night
2,46,2,2014-01-07,0,Late night
2,46,2,2014-01-08,0,Late night
2,68,2,2014-01-17,0,Late night
33,39,2,2014-01-06,0,Late night
33,39,2,2014-01-09,0,Late night
33,37,4,2014-01-05,0,Late night
33,37,4,2014-01-06,0,Late night
33,37,4,2014-01-07,0,Late night
33,37,4,2014-01-08,0,Late night
33,37,4,2014-01-09,0,Late night
33,37,4,2014-01-12,0,Late night
33,37,4,2014-01-13,0,Late night
33,37,4,2014-01-14,0,Late night
33,37,4,2014-01-15,0,Late night
33,37,2,2014-01-16,0,Late night
33,63,2,2014-01-08,0,Late night
33,50,2,2014-01-14,0,Late night
33,50,2,2014-01-15,0,Late night
33,49,2,2014-01-09,0,Late night
33,73,1,2014-01-05,0,Late night
33,73,2,2014-01-06,0,Late night
33,73,6,2014-01-07,0,Late night
33,73,4,2014-01-08,0,Late night
33,73,6,2014-01-09,0,Late night
33,73,2,2014-01-10,0,Late night
33,73,2,2014-01-11,0,Late night
33,73,4,2014-01-12,0,Late night
33,73,4,2014-01-13,0,Late night
33,73,4,2014-01-14,0,Late night
33,73,4,2014-01-15,0,Late night
33,73,4,2014-01-16,0,Late night
33,73,2,2014-01-17,0,Late night
33,73,1,2014-01-18,0,Late night
33,74,2,2014-01-05,0,Late night
33,74,2,2014-01-06,0,Late night
33,74,2,2014-01-07,0,Late night
33,74,2,2014-01-08,0,Late night
33,74,2,2014-01-09,0,Late night
33,74,2,2014-01-12,0,Late night
33,74,2,2014-01-13,0,Late night
33,74,2,2014-01-14,0,Late night
33,74,2,2014-01-15,0,Late night
33,74,2,2014-01-16,0,Late night
33,43,2,2014-01-05,0,Late night
33,43,2,2014-01-07,0,Late night
33,43,2,2014-01-12,0,Late night
33,58,2,2014-01-12,0,Late night
33,46,2,2014-01-07,0,Late night
33,46,2,2014-01-08,0,Late night
33,46,2,2014-01-09,0,Late night
33,46,2,2014-01-10,0,Late night
33,46,2,2014-01-11,0,Late night
33,46,4,2014-01-13,0,Late night
33,46,2,2014-01-14,0,Late night
33,46,2,2014-01-15,0,Late night
33,46,4,2014-01-16,0,Late night
33,46,2,2014-01-17,0,Late night
33,46,2,2014-01-18,0,Late night
15,39,2,2014-01-10,0,Late night
15,39,4,2014-01-17,0,Late night
15,56,2,2014-01-05,0,Late night
15,56,2,2014-01-06,0,Late night
15,56,2,2014-01-07,0,Late night
15,56,2,2014-01-08,0,Late night
15,56,2,2014-01-09,0,Late night
15,56,2,2014-01-12,0,Late night
15,56,2,2014-01-13,0,Late night
15,56,2,2014-01-14,0,Late night
15,56,2,2014-01-15,0,Late night
15,56,2,2014-01-16,0,Late night
15,37,4,2014-01-05,0,Late night
15,37,4,2014-01-06,0,Late night
15,37,4,2014-01-07,0,Late night
15,37,6,2014-01-08,0,Late night
15,37,8,2014-01-09,0,Late night
15,37,4,2014-01-12,0,Late night
15,37,4,2014-01-13,0,Late night
15,37,4,2014-01-14,0,Late night
15,37,4,2014-01-15,0,Late night
15,37,2,2014-01-16,0,Late night
15,63,2,2014-01-05,0,Late night
15,63,2,2014-01-06,0,Late night
15,41,2,2014-01-08,0,Late night
15,41,2,2014-01-09,0,Late night
15,50,2,2014-01-07,0,Late night
15,50,2,2014-01-12,0,Late night
15,50,2,2014-01-13,0,Late night
15,50,2,2014-01-15,0,Late night
15,49,2,2014-01-09,0,Late night
15,62,3,2014-01-05,0,Late night
15,62,4,2014-01-06,0,Late night
15,62,4,2014-01-07,0,Late night
15,62,4,2014-01-08,0,Late night
15,62,4,2014-01-09,0,Late night
15,62,4,2014-01-10,0,Late night
15,62,2,2014-01-11,0,Late night
15,62,4,2014-01-12,0,Late night
15,62,2,2014-01-13,0,Late night
15,62,4,2014-01-14,0,Late night
15,62,4,2014-01-15,0,Late night
15,62,4,2014-01-16,0,Late night
15,62,1,2014-01-17,0,Late night
15,43,2,2014-01-05,0,Late night
15,43,2,2014-01-06,0,Late night
15,43,2,2014-01-07,0,Late night
15,43,2,2014-01-08,0,Late night
15,43,2,2014-01-10,0,Late night
15,43,2,2014-01-11,0,Late night
15,43,2,2014-01-12,0,Late night
15,43,2,2014-01-14,0,Late night
15,43,2,2014-01-15,0,Late night
15,43,2,2014-01-16,0,Late night
15,59,2,2014-01-09,0,Late night
15,46,2,2014-01-14,0,Late night
15,68,2,2014-01-17,0,Late night
5,39,2,2014-01-10,0,Late night
5,39,2,2014-01-17,0,Late night
5,84,2,2014-01-18,0,Late night
5,83,2,2014-01-05,0,Late night
5,83,2,2014-01-06,0,Late night
5,83,2,2014-01-07,0,Late night
5,83,2,2014-01-08,0,Late night
5,83,2,2014-01-09,0,Late night
5,83,2,2014-01-12,0,Late night
5,83,2,2014-01-13,0,Late night
5,83,2,2014-01-14,0,Late night
5,83,2,2014-01-15,0,Late night
5,83,2,2014-01-16,0,Late night
5,79,2,2014-01-07,0,Late night
5,79,4,2014-01-09,0,Late night
5,79,2,2014-01-13,0,Late night
5,79,4,2014-01-16,0,Late night
5,37,4,2014-01-05,0,Late night
5,37,4,2014-01-06,0,Late night
5,37,8,2014-01-07,0,Late night
5,37,4,2014-01-08,0,Late night
5,37,6,2014-01-09,0,Late night
5,37,4,2014-01-12,0,Late night
5,37,4,2014-01-13,0,Late night
5,37,4,2014-01-14,0,Late night
5,37,4,2014-01-15,0,Late night
5,37,4,2014-01-16,0,Late night
5,63,2,2014-01-08,0,Late night
5,41,2,2014-01-06,0,Late night
5,41,2,2014-01-12,0,Late night
5,50,2,2014-01-06,0,Late night
5,50,2,2014-01-07,0,Late night
5,50,2,2014-01-08,0,Late night
5,50,2,2014-01-11,0,Late night
5,50,2,2014-01-13,0,Late night
5,50,2,2014-01-14,0,Late night
5,50,2,2014-01-15,0,Late night
5,50,2,2014-01-16,0,Late night
5,49,2,2014-01-09,0,Late night
5,92,1,2014-01-05,0,Late night
5,92,4,2014-01-06,0,Late night
5,92,6,2014-01-07,0,Late night
5,92,6,2014-01-08,0,Late night
5,92,6,2014-01-09,0,Late night
5,92,4,2014-01-10,0,Late night
5,92,6,2014-01-11,0,Late night
5,92,2,2014-01-12,0,Late night
5,92,4,2014-01-13,0,Late night
5,92,6,2014-01-14,0,Late night
5,92,2,2014-01-15,0,Late night
5,92,4,2014-01-16,0,Late night
5,92,2,2014-01-17,0,Late night
5,92,1,2014-01-18,0,Late night
5,42,2,2014-01-11,0,Late night
5,43,2,2014-01-10,0,Late night
5,57,2,2014-01-14,0,Late night
5,46,2,2014-01-05,0,Late night
5,68,2,2014-01-17,0,Late night
26,39,2,2014-01-14,0,Late night
26,37,4,2014-01-05,0,Late night
26,37,4,2014-01-06,0,Late night
26,37,4,2014-01-07,0,Late night
26,37,4,2014-01-08,0,Late night
26,37,4,2014-01-09,0,Late night
26,37,4,2014-01-12,0,Late night
26,37,4,2014-01-13,0,Late night
26,37,4,2014-01-14,0,Late night
26,37,4,2014-01-15,0,Late night
26,37,4,2014-01-16,0,Late night
26,63,2,2014-01-05,0,Late night
26,63,2,2014-01-07,0,Late night
26,41,6,2014-01-08,0,Late night
26,41,2,2014-01-15,0,Late night
26,38,2,2014-01-05,0,Late night
26,38,2,2014-01-06,0,Late night
26,38,2,2014-01-07,0,Late night
26,38,2,2014-01-08,0,Late night
26,38,2,2014-01-09,0,Late night
26,38,2,2014-01-12,0,Late night
26,38,2,2014-01-13,0,Late night
26,38,2,2014-01-14,0,Late night
26,38,2,2014-01-15,0,Late night
26,38,2,2014-01-16,0,Late night
26,50,2,2014-01-11,0,Late night
26,50,2,2014-01-13,0,Late night
26,49,2,2014-01-09,0,Late night
26,72,1,2014-01-05,0,Late night
26,72,4,2014-01-06,0,Late night
26,72,6,2014-01-07,0,Late night
26,72,4,2014-01-08,0,Late night
26,72,6,2014-01-09,0,Late night
26,72,2,2014-01-10,0,Late night
26,72,4,2014-01-11,0,Late night
26,72,4,2014-01-12,0,Late night
26,72,4,2014-01-13,0,Late night
26,72,2,2014-01-14,0,Late night
26,72,4,2014-01-15,0,Late night
26,72,4,2014-01-16,0,Late night
26,72,2,2014-01-17,0,Late night
26,72,1,2014-01-18,0,Late night
26,42,2,2014-01-16,0,Late night
26,43,4,2014-01-06,0,Late night
26,43,2,2014-01-07,0,Late night
26,43,4,2014-01-10,0,Late night
26,43,2,2014-01-11,0,Late night
26,43,4,2014-01-12,0,Late night
26,43,2,2014-01-13,0,Late night
26,43,2,2014-01-15,0,Late night
26,43,4,2014-01-16,0,Late night
26,43,2,2014-01-17,0,Late night
26,43,2,2014-01-18,0,Late night
26,57,2,2014-01-09,0,Late night
26,46,2,2014-01-09,0,Late night
34,84,1,2014-01-11,0,Late night
34,48,1,2014-01-06,0,Late night
34,48,1,2014-01-07,0,Late night
34,48,1,2014-01-08,0,Late night
34,48,2,2014-01-09,0,Late night
34,48,1,2014-01-12,0,Late night
34,48,1,2014-01-13,0,Late night
34,48,1,2014-01-14,0,Late night
34,48,2,2014-01-16,0,Late night
34,37,2,2014-01-05,0,Late night
34,37,3,2014-01-06,0,Late night
34,37,3,2014-01-07,0,Late night
34,37,3,2014-01-08,0,Late night
34,37,3,2014-01-09,0,Late night
34,37,5,2014-01-12,0,Late night
34,37,3,2014-01-13,0,Late night
34,37,4,2014-01-14,0,Late night
34,37,4,2014-01-15,0,Late night
34,37,6,2014-01-16,0,Late night
34,63,2,2014-01-13,0,Late night
34,41,1,2014-01-15,0,Late night
34,50,5,2014-01-05,0,Late night
34,50,1,2014-01-07,0,Late night
34,50,4,2014-01-08,0,Late night
34,50,1,2014-01-10,0,Late night
34,50,2,2014-01-13,0,Late night
34,50,2,2014-01-14,0,Late night
34,50,3,2014-01-16,0,Late night
34,50,4,2014-01-17,0,Late night
34,50,2,2014-01-18,0,Late night
34,49,2,2014-01-09,0,Late night
34,91,2,2014-01-05,0,Late night
34,91,2,2014-01-06,0,Late night
34,91,2,2014-01-07,0,Late night
34,91,3,2014-01-08,0,Late night
34,91,3,2014-01-09,0,Late night
34,91,1,2014-01-10,0,Late night
34,91,1,2014-01-11,0,Late night
34,91,1,2014-01-12,0,Late night
34,91,3,2014-01-13,0,Late night
34,91,2,2014-01-14,0,Late night
34,91,3,2014-01-15,0,Late night
34,91,3,2014-01-16,0,Late night
34,91,4,2014-01-17,0,Late night
34,91,1,2014-01-18,0,Late night
34,42,1,2014-01-06,0,Late night
34,43,2,2014-01-07,0,Late night
34,43,2,2014-01-08,0,Late night
34,57,2,2014-01-17,0,Late night
34,46,2,2014-01-09,0,Late night
34,46,2,2014-01-12,0,Late night
34,54,1,2014-01-15,0,Late night
4,39,2,2014-01-16,0,Late night
4,84,2,2014-01-08,0,Late night
4,83,4,2014-01-05,0,Late night
4,83,2,2014-01-06,0,Late night
4,83,4,2014-01-07,0,Late night
4,83,2,2014-01-08,0,Late night
4,83,4,2014-01-09,0,Late night
4,83,4,2014-01-12,0,Late night
4,83,2,2014-01-13,0,Late night
4,83,4,2014-01-14,0,Late night
4,83,2,2014-01-15,0,Late night
4,83,2,2014-01-16,0,Late night
4,95,4,2014-01-11,0,Late night
4,95,2,2014-01-18,0,Late night
4,37,4,2014-01-05,0,Late night
4,37,4,2014-01-06,0,Late night
4,37,4,2014-01-07,0,Late night
4,37,4,2014-01-08,0,Late night
4,37,4,2014-01-09,0,Late night
4,37,4,2014-01-12,0,Late night
4,37,4,2014-01-13,0,Late night
4,37,4,2014-01-14,0,Late night
4,37,4,2014-01-15,0,Late night
4,37,4,2014-01-16,0,Late night
4,63,2,2014-01-06,0,Late night
4,63,2,2014-01-12,0,Late night
4,50,4,2014-01-05,0,Late night
4,50,2,2014-01-06,0,Late night
4,50,4,2014-01-07,0,Late night
4,50,4,2014-01-09,0,Late night
4,50,2,2014-01-10,0,Late night
4,50,4,2014-01-11,0,Late night
4,50,2,2014-01-12,0,Late night
4,50,2,2014-01-13,0,Late night
4,50,2,2014-01-14,0,Late night
4,50,4,2014-01-15,0,Late night
4,50,2,2014-01-16,0,Late night
4,50,2,2014-01-17,0,Late night
4,50,2,2014-01-18,0,Late night
4,86,5,2014-01-05,0,Late night
4,86,4,2014-01-06,0,Late night
4,86,6,2014-01-07,0,Late night
4,86,6,2014-01-08,0,Late night
4,86,6,2014-01-09,0,Late night
4,86,2,2014-01-10,0,Late night
4,86,4,2014-01-11,0,Late night
4,86,6,2014-01-12,0,Late night
4,86,8,2014-01-13,0,Late night
4,86,6,2014-01-14,0,Late night
4,86,4,2014-01-15,0,Late night
4,86,6,2014-01-16,0,Late night
4,86,4,2014-01-17,0,Late night
4,86,5,2014-01-18,0,Late night
4,42,2,2014-01-13,0,Late night
4,42,2,2014-01-17,0,Late night
4,43,2,2014-01-05,0,Late night
4,58,2,2014-01-17,0,Late night
4,46,2,2014-01-08,0,Late night
4,46,2,2014-01-11,0,Late night
4,54,2,2014-01-14,0,Late night
6,39,2,2014-01-12,0,Late night
6,84,2,2014-01-12,0,Late night
6,84,2,2014-01-16,0,Late night
6,48,2,2014-01-05,0,Late night
6,48,2,2014-01-06,0,Late night
6,48,2,2014-01-07,0,Late night
6,48,2,2014-01-08,0,Late night
6,48,2,2014-01-09,0,Late night
6,48,2,2014-01-12,0,Late night
6,48,2,2014-01-13,0,Late night
6,48,2,2014-01-14,0,Late night
6,48,2,2014-01-15,0,Late night
6,48,2,2014-01-16,0,Late night
6,37,4,2014-01-05,0,Late night
6,37,4,2014-01-06,0,Late night
6,37,4,2014-01-07,0,Late night
6,37,4,2014-01-08,0,Late night
6,37,4,2014-01-09,0,Late night
6,37,4,2014-01-12,0,Late night
6,37,4,2014-01-13,0,Late night
6,37,4,2014-01-14,0,Late night
6,37,4,2014-01-15,0,Late night
6,37,4,2014-01-16,0,Late night
6,41,2,2014-01-09,0,Late night
6,50,2,2014-01-05,0,Late night
6,50,2,2014-01-06,0,Late night
6,50,4,2014-01-07,0,Late night
6,50,2,2014-01-08,0,Late night
6,50,2,2014-01-11,0,Late night
6,50,2,2014-01-14,0,Late night
6,50,4,2014-01-15,0,Late night
6,50,2,2014-01-17,0,Late night
6,50,2,2014-01-18,0,Late night
6,90,3,2014-01-05,0,Late night
6,90,6,2014-01-06,0,Late night
6,90,4,2014-01-07,0,Late night
6,90,4,2014-01-08,0,Late night
6,90,4,2014-01-09,0,Late night
6,90,2,2014-01-10,0,Late night
6,90,2,2014-01-11,0,Late night
6,90,4,2014-01-12,0,Late night
6,90,2,2014-01-13,0,Late night
6,90,4,2014-01-14,0,Late night
6,90,4,2014-01-15,0,Late night
6,90,4,2014-01-16,0,Late night
6,90,4,2014-01-17,0,Late night
6,90,1,2014-01-18,0,Late night
6,49,2,2014-01-09,0,Late night
6,42,2,2014-01-05,0,Late night
6,42,2,2014-01-13,0,Late night
6,42,2,2014-01-17,0,Late night
6,43,2,2014-01-10,0,Late night
6,43,2,2014-01-16,0,Late night
6,57,2,2014-01-08,0,Late night
6,46,2,2014-01-06,0,Late night
6,46,2,2014-01-14,0,Late night
10,39,2,2014-01-05,0,Late night
10,39,2,2014-01-15,0,Late night
10,37,6,2014-01-05,0,Late night
10,37,4,2014-01-06,0,Late night
10,37,4,2014-01-07,0,Late night
10,37,4,2014-01-08,0,Late night
10,37,4,2014-01-09,0,Late night
10,37,6,2014-01-12,0,Late night
10,37,4,2014-01-13,0,Late night
10,37,4,2014-01-14,0,Late night
10,37,4,2014-01-15,0,Late night
10,37,4,2014-01-16,0,Late night
10,44,2,2014-01-07,0,Late night
10,44,2,2014-01-16,0,Late night
10,41,2,2014-01-05,0,Late night
10,41,2,2014-01-09,0,Late night
10,41,2,2014-01-11,0,Late night
10,41,4,2014-01-12,0,Late night
10,41,2,2014-01-13,0,Late night
10,41,2,2014-01-15,0,Late night
10,41,2,2014-01-18,0,Late night
10,38,2,2014-01-05,0,Late night
10,38,2,2014-01-06,0,Late night
10,38,2,2014-01-07,0,Late night
10,38,2,2014-01-08,0,Late night
10,38,2,2014-01-09,0,Late night
10,38,2,2014-01-12,0,Late night
10,38,2,2014-01-13,0,Late night
10,38,2,2014-01-14,0,Late night
10,38,2,2014-01-15,0,Late night
10,40,3,2014-01-05,0,Late night
10,40,2,2014-01-06,0,Late night
10,40,4,2014-01-07,0,Late night
10,40,2,2014-01-08,0,Late night
10,40,4,2014-01-09,0,Late night
10,40,6,2014-01-10,0,Late night
10,40,2,2014-01-11,0,Late night
10,40,6,2014-01-12,0,Late night
10,40,4,2014-01-13,0,Late night
10,40,4,2014-01-14,0,Late night
10,40,4,2014-01-15,0,Late night
10,40,4,2014-01-16,0,Late night
10,40,1,2014-01-18,0,Late night
10,42,2,2014-01-06,0,Late night
10,42,6,2014-01-10,0,Late night
10,42,2,2014-01-16,0,Late night
10,43,2,2014-01-07,0,Late night
10,43,2,2014-01-09,0,Late night
10,58,2,2014-01-14,0,Late night
10,46,2,2014-01-08,0,Late night
10,46,2,2014-01-13,0,Late night
10,46,2,2014-01-14,0,Late night
18,39,2,2014-01-06,0,Late night
18,39,2,2014-01-08,0,Late night
18,39,2,2014-01-09,0,Late night
18,39,2,2014-01-12,0,Late night
18,84,2,2014-01-15,0,Late night
18,45,2,2014-01-05,0,Late night
18,45,2,2014-01-06,0,Late night
18,45,2,2014-01-07,0,Late night
18,45,2,2014-01-08,0,Late night
18,45,2,2014-01-09,0,Late night
18,45,2,2014-01-12,0,Late night
18,45,2,2014-01-13,0,Late night
18,45,2,2014-01-14,0,Late night
18,45,2,2014-01-15,0,Late night
18,45,2,2014-01-16,0,Late night
18,64,1,2014-01-05,0,Late night
18,64,1,2014-01-06,0,Late night
18,64,1,2014-01-07,0,Late night
18,64,2,2014-01-10,0,Late night
18,64,2,2014-01-13,0,Late night
18,64,1,2014-01-15,0,Late night
18,64,2,2014-01-16,0,Late night
18,64,1,2014-01-17,0,Late night
18,37,4,2014-01-05,0,Late night
18,37,4,2014-01-06,0,Late night
18,37,4,2014-01-07,0,Late night
18,37,4,2014-01-08,0,Late night
18,37,4,2014-01-09,0,Late night
18,37,4,2014-01-12,0,Late night
18,37,4,2014-01-13,0,Late night
18,37,4,2014-01-14,0,Late night
18,37,4,2014-01-15,0,Late night
18,37,4,2014-01-16,0,Late night
18,63,2,2014-01-05,0,Late night
18,63,2,2014-01-07,0,Late night
18,63,2,2014-01-14,0,Late night
18,63,2,2014-01-16,0,Late night
18,44,2,2014-01-14,0,Late night
18,41,2,2014-01-05,0,Late night
18,41,2,2014-01-06,0,Late night
18,41,2,2014-01-07,0,Late night
18,41,2,2014-01-12,0,Late night
18,41,2,2014-01-13,0,Late night
18,41,2,2014-01-15,0,Late night
18,41,2,2014-01-16,0,Late night
18,65,2,2014-01-05,0,Late night
18,65,3,2014-01-06,0,Late night
18,65,3,2014-01-07,0,Late night
18,65,2,2014-01-08,0,Late night
18,65,4,2014-01-09,0,Late night
18,65,4,2014-01-11,0,Late night
18,65,4,2014-01-12,0,Late night
18,65,4,2014-01-13,0,Late night
18,65,4,2014-01-14,0,Late night
18,65,3,2014-01-15,0,Late night
18,65,2,2014-01-16,0,Late night
18,65,2,2014-01-17,0,Late night
18,42,2,2014-01-10,0,Late night
18,43,2,2014-01-13,0,Late night
18,43,4,2014-01-17,0,Late night
18,89,2,2014-01-16,0,Late night
18,89,4,2014-01-17,0,Late night
18,51,2,2014-01-15,0,Late night
18,67,4,2014-01-06,0,Late night
18,67,2,2014-01-09,0,Late night
18,78,4,2014-01-08,0,Late night
18,61,2,2014-01-12,0,Late night
18,61,2,2014-01-14,0,Late night
18,46,2,2014-01-11,0,Late night
18,54,2,2014-01-09,0,Late night
18,54,2,2014-01-11,0,Late night
22,39,2,2014-01-08,0,Late night
22,39,2,2014-01-09,0,Late night
22,48,2,2014-01-12,0,Late night
22,37,4,2014-01-05,0,Late night
22,37,4,2014-01-06,0,Late night
22,37,4,2014-01-07,0,Late night
22,37,4,2014-01-08,0,Late night
22,37,4,2014-01-09,0,Late night
22,37,4,2014-01-12,0,Late night
22,37,4,2014-01-13,0,Late night
22,37,4,2014-01-14,0,Late night
22,37,4,2014-01-15,0,Late night
22,37,4,2014-01-16,0,Late night
22,63,2,2014-01-06,0,Late night
22,63,2,2014-01-15,0,Late night
22,41,2,2014-01-07,0,Late night
22,41,2,2014-01-13,0,Late night
22,41,2,2014-01-17,0,Late night
22,38,2,2014-01-05,0,Late night
22,38,2,2014-01-06,0,Late night
22,38,2,2014-01-07,0,Late night
22,38,2,2014-01-08,0,Late night
22,38,2,2014-01-09,0,Late night
22,38,2,2014-01-13,0,Late night
22,38,2,2014-01-15,0,Late night
22,38,2,2014-01-16,0,Late night
22,50,2,2014-01-11,0,Late night
22,69,3,2014-01-05,0,Late night
22,69,4,2014-01-06,0,Late night
22,69,4,2014-01-07,0,Late night
22,69,2,2014-01-08,0,Late night
22,69,4,2014-01-09,0,Late night
22,69,2,2014-01-10,0,Late night
22,69,8,2014-01-11,0,Late night
22,69,4,2014-01-12,0,Late night
22,69,6,2014-01-13,0,Late night
22,69,4,2014-01-14,0,Late night
22,69,4,2014-01-15,0,Late night
22,69,2,2014-01-16,0,Late night
22,69,4,2014-01-17,0,Late night
22,69,1,2014-01-18,0,Late night
22,49,2,2014-01-09,0,Late night
22,42,2,2014-01-14,0,Late night
22,42,2,2014-01-16,0,Late night
22,43,4,2014-01-05,0,Late night
22,43,2,2014-01-06,0,Late night
22,43,2,2014-01-07,0,Late night
22,43,2,2014-01-10,0,Late night
22,43,2,2014-01-11,0,Late night
22,43,4,2014-01-12,0,Late night
22,43,2,2014-01-13,0,Late night
22,43,2,2014-01-17,0,Late night
22,43,2,2014-01-18,0,Late night
22,57,2,2014-01-14,0,Late night
22,57,2,2014-01-15,0,Late night
22,57,2,2014-01-17,0,Late night
32,39,2,2014-01-12,0,Late night
32,45,2,2014-01-05,0,Late night
32,45,2,2014-01-07,0,Late night
32,45,2,2014-01-09,0,Late night
32,45,2,2014-01-12,0,Late night
32,45,2,2014-01-13,0,Late night
32,45,2,2014-01-14,0,Late night
32,45,2,2014-01-15,0,Late night
32,45,2,2014-01-16,0,Late night
32,83,2,2014-01-06,0,Late night
32,81,3,2014-01-07,0,Late night
32,64,2,2014-01-06,0,Late night
32,64,1,2014-01-07,0,Late night
32,64,1,2014-01-08,0,Late night
32,64,1,2014-01-09,0,Late night
32,64,1,2014-01-10,0,Late night
32,64,1,2014-01-11,0,Late night
32,64,1,2014-01-12,0,Late night
32,64,3,2014-01-14,0,Late night
32,64,1,2014-01-15,0,Late night
32,64,1,2014-01-16,0,Late night
32,64,1,2014-01-17,0,Late night
32,37,4,2014-01-05,0,Late night
32,37,4,2014-01-06,0,Late night
32,37,4,2014-01-07,0,Late night
32,37,4,2014-01-08,0,Late night
32,37,4,2014-01-09,0,Late night
32,37,4,2014-01-12,0,Late night
32,37,4,2014-01-13,0,Late night
32,37,4,2014-01-14,0,Late night
32,37,4,2014-01-15,0,Late night
32,37,4,2014-01-16,0,Late night
32,63,2,2014-01-10,0,Late night
32,63,2,2014-01-14,0,Late night
32,41,2,2014-01-06,0,Late night
32,41,2,2014-01-07,0,Late night
32,41,2,2014-01-09,0,Late night
32,41,2,2014-01-11,0,Late night
32,41,2,2014-01-13,0,Late night
32,41,2,2014-01-14,0,Late night
32,41,2,2014-01-15,0,Late night
32,41,4,2014-01-16,0,Late night
32,41,2,2014-01-18,0,Late night
32,50,2,2014-01-06,0,Late night
32,50,2,2014-01-13,0,Late night
32,86,4,2014-01-06,0,Late night
32,65,1,2014-01-05,0,Late night
32,65,4,2014-01-06,0,Late night
32,65,3,2014-01-07,0,Late night
32,65,5,2014-01-08,0,Late night
32,65,5,2014-01-09,0,Late night
32,65,1,2014-01-10,0,Late night
32,65,1,2014-01-11,0,Late night
32,65,3,2014-01-12,0,Late night
32,65,4,2014-01-13,0,Late night
32,65,3,2014-01-14,0,Late night
32,65,3,2014-01-15,0,Late night
32,65,3,2014-01-16,0,Late night
32,65,3,2014-01-17,0,Late night
32,65,1,2014-01-18,0,Late night
32,80,2,2014-01-08,0,Late night
32,74,2,2014-01-08,0,Late night
32,42,2,2014-01-17,0,Late night
32,43,2,2014-01-05,0,Late night
32,43,2,2014-01-08,0,Late night
32,43,2,2014-01-17,0,Late night
32,55,2,2014-01-17,0,Late night
32,89,2,2014-01-07,0,Late night
32,89,2,2014-01-16,0,Late night
32,51,2,2014-01-12,0,Late night
32,57,4,2014-01-07,0,Late night
32,57,2,2014-01-08,0,Late night
32,67,2,2014-01-08,0,Late night
32,78,2,2014-01-06,0,Late night
32,78,4,2014-01-10,0,Late night
32,78,2,2014-01-13,0,Late night
32,61,2,2014-01-14,0,Late night
32,46,2,2014-01-09,0,Late night
32,46,2,2014-01-15,0,Late night
32,54,2,2014-01-12,0,Late night
14,39,2,2014-01-05,0,Late night
14,39,2,2014-01-16,0,Late night
14,45,2,2014-01-05,0,Late night
14,45,2,2014-01-07,0,Late night
14,45,2,2014-01-08,0,Late night
14,45,2,2014-01-09,0,Late night
14,45,2,2014-01-12,0,Late night
14,45,2,2014-01-13,0,Late night
14,45,2,2014-01-14,0,Late night
14,45,2,2014-01-15,0,Late night
14,45,2,2014-01-16,0,Late night
14,83,2,2014-01-06,0,Late night
14,64,1,2014-01-05,0,Late night
14,64,2,2014-01-07,0,Late night
14,64,2,2014-01-08,0,Late night
14,64,3,2014-01-10,0,Late night
14,64,2,2014-01-11,0,Late night
14,64,2,2014-01-12,0,Late night
14,64,1,2014-01-13,0,Late night
14,64,1,2014-01-14,0,Late night
14,64,1,2014-01-15,0,Late night
14,64,1,2014-01-16,0,Late night
14,64,1,2014-01-18,0,Late night
14,37,4,2014-01-05,0,Late night
14,37,4,2014-01-06,0,Late night
14,37,4,2014-01-07,0,Late night
14,37,4,2014-01-08,0,Late night
14,37,4,2014-01-09,0,Late night
14,37,4,2014-01-12,0,Late night
14,37,4,2014-01-13,0,Late night
14,37,4,2014-01-14,0,Late night
14,37,4,2014-01-15,0,Late night
14,37,4,2014-01-16,0,Late night
14,63,1,2014-01-05,0,Late night
14,41,4,2014-01-06,0,Late night
14,41,2,2014-01-07,0,Late night
14,41,4,2014-01-08,0,Late night
14,41,4,2014-01-10,0,Late night
14,41,2,2014-01-11,0,Late night
14,41,2,2014-01-12,0,Late night
14,41,2,2014-01-13,0,Late night
14,41,4,2014-01-14,0,Late night
14,41,2,2014-01-18,0,Late night
14,50,2,2014-01-12,0,Late night
14,50,2,2014-01-15,0,Late night
14,86,1,2014-01-05,0,Late night
14,86,5,2014-01-06,0,Late night
14,65,4,2014-01-05,0,Late night
14,65,3,2014-01-06,0,Late night
14,65,2,2014-01-07,0,Late night
14,65,2,2014-01-08,0,Late night
14,65,5,2014-01-09,0,Late night
14,65,2,2014-01-10,0,Late night
14,65,2,2014-01-11,0,Late night
14,65,2,2014-01-12,0,Late night
14,65,5,2014-01-13,0,Late night
14,65,3,2014-01-14,0,Late night
14,65,3,2014-01-15,0,Late night
14,65,5,2014-01-16,0,Late night
14,65,2,2014-01-17,0,Late night
14,65,2,2014-01-18,0,Late night
14,85,3,2014-01-09,0,Late night
14,85,1,2014-01-10,0,Late night
14,42,4,2014-01-07,0,Late night
14,43,2,2014-01-09,0,Late night
14,43,2,2014-01-13,0,Late night
14,43,2,2014-01-17,0,Late night
14,43,4,2014-01-18,0,Late night
14,57,2,2014-01-16,0,Late night
14,57,2,2014-01-18,0,Late night
14,68,4,2014-01-09,0,Late night
14,68,2,2014-01-15,0,Late night
14,54,2,2014-01-05,0,Late night
9,39,2,2014-01-14,0,Late night
9,87,2,2014-01-17,0,Late night
9,45,2,2014-01-05,0,Late night
9,45,2,2014-01-06,0,Late night
9,45,2,2014-01-07,0,Late night
9,45,4,2014-01-08,0,Late night
9,45,2,2014-01-09,0,Late night
9,45,2,2014-01-12,0,Late night
9,45,2,2014-01-13,0,Late night
9,45,4,2014-01-14,0,Late night
9,45,2,2014-01-15,0,Late night
9,45,2,2014-01-16,0,Late night
9,37,6,2014-01-05,0,Late night
9,37,4,2014-01-06,0,Late night
9,37,4,2014-01-07,0,Late night
9,37,4,2014-01-08,0,Late night
9,37,4,2014-01-09,0,Late night
9,37,4,2014-01-12,0,Late night
9,37,4,2014-01-13,0,Late night
9,37,4,2014-01-14,0,Late night
9,37,4,2014-01-15,0,Late night
9,37,2,2014-01-16,0,Late night
9,63,2,2014-01-13,0,Late night
9,41,4,2014-01-05,0,Late night
9,41,2,2014-01-06,0,Late night
9,41,4,2014-01-07,0,Late night
9,41,4,2014-01-08,0,Late night
9,41,2,2014-01-09,0,Late night
9,41,2,2014-01-10,0,Late night
9,41,2,2014-01-12,0,Late night
9,41,2,2014-01-13,0,Late night
9,41,2,2014-01-14,0,Late night
9,41,2,2014-01-15,0,Late night
9,41,4,2014-01-17,0,Late night
9,41,2,2014-01-18,0,Late night
9,50,2,2014-01-12,0,Late night
9,66,5,2014-01-05,0,Late night
9,66,4,2014-01-06,0,Late night
9,66,4,2014-01-07,0,Late night
9,66,4,2014-01-08,0,Late night
9,66,6,2014-01-09,0,Late night
9,66,2,2014-01-10,0,Late night
9,66,2,2014-01-11,0,Late night
9,66,4,2014-01-12,0,Late night
9,66,4,2014-01-13,0,Late night
9,66,6,2014-01-14,0,Late night
9,66,4,2014-01-15,0,Late night
9,66,4,2014-01-16,0,Late night
9,66,2,2014-01-17,0,Late night
9,66,5,2014-01-18,0,Late night
9,42,2,2014-01-06,0,Late night
9,42,2,2014-01-08,0,Late night
9,42,2,2014-01-15,0,Late night
9,57,4,2014-01-09,0,Late night
9,46,2,2014-01-18,0,Late night
9,54,2,2014-01-11,0,Late night
9,54,2,2014-01-16,0,Late night
11,39,2,2014-01-07,0,Late night
11,48,2,2014-01-12,0,Late night
11,37,4,2014-01-05,0,Late night
11,37,4,2014-01-06,0,Late night
11,37,4,2014-01-07,0,Late night
11,37,4,2014-01-08,0,Late night
11,37,4,2014-01-09,0,Late night
11,37,4,2014-01-12,0,Late night
11,37,4,2014-01-13,0,Late night
11,37,4,2014-01-14,0,Late night
11,37,4,2014-01-15,0,Late night
11,37,4,2014-01-16,0,Late night
11,63,2,2014-01-10,0,Late night
11,44,2,2014-01-16,0,Late night
11,41,2,2014-01-06,0,Late night
11,41,2,2014-01-08,0,Late night
11,41,2,2014-01-13,0,Late night
11,41,2,2014-01-14,0,Late night
11,41,2,2014-01-17,0,Late night
11,38,2,2014-01-05,0,Late night
11,38,2,2014-01-06,0,Late night
11,38,2,2014-01-07,0,Late night
11,38,2,2014-01-08,0,Late night
11,38,2,2014-01-09,0,Late night
11,38,2,2014-01-13,0,Late night
11,38,4,2014-01-14,0,Late night
11,38,2,2014-01-15,0,Late night
11,38,2,2014-01-16,0,Late night
11,50,2,2014-01-12,0,Late night
11,50,2,2014-01-15,0,Late night
11,50,2,2014-01-16,0,Late night
11,69,3,2014-01-05,0,Late night
11,69,4,2014-01-06,0,Late night
11,69,2,2014-01-07,0,Late night
11,69,6,2014-01-08,0,Late night
11,69,6,2014-01-09,0,Late night
11,69,8,2014-01-10,0,Late night
11,69,2,2014-01-12,0,Late night
11,69,4,2014-01-13,0,Late night
11,69,4,2014-01-14,0,Late night
11,69,4,2014-01-15,0,Late night
11,69,4,2014-01-16,0,Late night
11,69,6,2014-01-17,0,Late night
11,69,1,2014-01-18,0,Late night
11,49,2,2014-01-09,0,Late night
11,43,4,2014-01-05,0,Late night
11,43,2,2014-01-06,0,Late night
11,43,2,2014-01-08,0,Late night
11,43,2,2014-01-10,0,Late night
11,43,2,2014-01-13,0,Late night
11,43,2,2014-01-14,0,Late night
11,43,2,2014-01-15,0,Late night
11,43,2,2014-01-18,0,Late night
11,46,2,2014-01-09,0,Late night
11,68,2,2014-01-17,0,Late night
11,54,2,2014-01-10,0,Late night
3,39,2,2014-01-12,0,Late night
3,39,2,2014-01-16,0,Late night
3,84,2,2014-01-06,0,Late night
3,84,2,2014-01-09,0,Late night
3,84,2,2014-01-17,0,Late night
3,48,2,2014-01-05,0,Late night
3,48,2,2014-01-06,0,Late night
3,48,2,2014-01-07,0,Late night
3,48,2,2014-01-08,0,Late night
3,48,2,2014-01-09,0,Late night
3,48,2,2014-01-12,0,Late night
3,48,2,2014-01-13,0,Late night
3,48,2,2014-01-14,0,Late night
3,48,2,2014-01-15,0,Late night
3,48,2,2014-01-16,0,Late night
3,37,4,2014-01-05,0,Late night
3,37,4,2014-01-06,0,Late night
3,37,4,2014-01-07,0,Late night
3,37,4,2014-01-08,0,Late night
3,37,4,2014-01-09,0,Late night
3,37,4,2014-01-12,0,Late night
3,37,4,2014-01-13,0,Late night
3,37,4,2014-01-14,0,Late night
3,37,4,2014-01-15,0,Late night
3,37,4,2014-01-16,0,Late night
3,63,2,2014-01-18,0,Late night
3,44,2,2014-01-18,0,Late night
3,50,2,2014-01-05,0,Late night
3,50,2,2014-01-07,0,Late night
3,50,2,2014-01-08,0,Late night
3,50,4,2014-01-11,0,Late night
3,50,2,2014-01-13,0,Late night
3,50,2,2014-01-14,0,Late night
3,50,2,2014-01-15,0,Late night
3,50,2,2014-01-17,0,Late night
3,50,2,2014-01-18,0,Late night
3,94,3,2014-01-05,0,Late night
3,94,6,2014-01-06,0,Late night
3,94,6,2014-01-07,0,Late night
3,94,6,2014-01-08,0,Late night
3,94,4,2014-01-09,0,Late night
3,94,4,2014-01-10,0,Late night
3,94,2,2014-01-11,0,Late night
3,94,2,2014-01-12,0,Late night
3,94,6,2014-01-13,0,Late night
3,94,4,2014-01-14,0,Late night
3,94,4,2014-01-15,0,Late night
3,94,2,2014-01-16,0,Late night
3,94,6,2014-01-17,0,Late night
3,94,5,2014-01-18,0,Late night
3,49,5,2014-01-09,0,Late night
3,42,2,2014-01-08,0,Late night
3,42,2,2014-01-14,0,Late night
3,42,2,2014-01-15,0,Late night
3,43,2,2014-01-07,0,Late night
3,43,2,2014-01-09,0,Late night
3,43,2,2014-01-10,0,Late night
3,43,2,2014-01-13,0,Late night
3,46,2,2014-01-05,0,Late night
3,46,2,2014-01-06,0,Late night
3,46,2,2014-01-17,0,Late night
12,39,2,2014-01-12,0,Late night
12,39,2,2014-01-13,0,Late night
12,45,2,2014-01-05,0,Late night
12,45,2,2014-01-06,0,Late night
12,45,2,2014-01-07,0,Late night
12,45,2,2014-01-08,0,Late night
12,45,2,2014-01-09,0,Late night
12,45,2,2014-01-12,0,Late night
12,45,2,2014-01-13,0,Late night
12,45,2,2014-01-14,0,Late night
12,45,2,2014-01-15,0,Late night
12,56,2,2014-01-16,0,Late night
12,37,4,2014-01-05,0,Late night
12,37,4,2014-01-06,0,Late night
12,37,4,2014-01-07,0,Late night
12,37,4,2014-01-08,0,Late night
12,37,4,2014-01-09,0,Late night
12,37,4,2014-01-12,0,Late night
12,37,8,2014-01-13,0,Late night
12,37,4,2014-01-14,0,Late night
12,37,4,2014-01-15,0,Late night
12,37,4,2014-01-16,0,Late night
12,41,4,2014-01-05,0,Late night
12,41,2,2014-01-06,0,Late night
12,41,2,2014-01-08,0,Late night
12,41,4,2014-01-09,0,Late night
12,41,2,2014-01-10,0,Late night
12,41,4,2014-01-13,0,Late night
12,41,2,2014-01-14,0,Late night
12,41,4,2014-01-15,0,Late night
12,41,4,2014-01-16,0,Late night
12,41,2,2014-01-17,0,Late night
12,41,2,2014-01-18,0,Late night
12,50,2,2014-01-14,0,Late night
12,50,2,2014-01-16,0,Late night
12,47,5,2014-01-05,0,Late night
12,47,2,2014-01-06,0,Late night
12,47,2,2014-01-07,0,Late night
12,47,6,2014-01-08,0,Late night
12,47,6,2014-01-09,0,Late night
12,47,2,2014-01-10,0,Late night
12,47,2,2014-01-11,0,Late night
12,47,2,2014-01-12,0,Late night
12,47,4,2014-01-13,0,Late night
12,47,4,2014-01-14,0,Late night
12,47,4,2014-01-15,0,Late night
12,47,4,2014-01-16,0,Late night
12,47,2,2014-01-17,0,Late night
12,47,1,2014-01-18,0,Late night
12,42,2,2014-01-07,0,Late night
12,58,2,2014-01-11,0,Late night
12,59,2,2014-01-13,0,Late night
12,46,2,2014-01-05,0,Late night
12,46,2,2014-01-08,0,Late night
21,39,2,2014-01-05,0,Late night
21,39,2,2014-01-13,0,Late night
21,45,2,2014-01-05,0,Late night
21,45,2,2014-01-06,0,Late night
21,45,2,2014-01-07,0,Late night
21,45,2,2014-01-09,0,Late night
21,45,2,2014-01-13,0,Late night
21,45,2,2014-01-14,0,Late night
21,45,2,2014-01-16,0,Late night
21,64,2,2014-01-09,0,Late night
21,64,1,2014-01-12,0,Late night
21,64,1,2014-01-17,0,Late night
21,37,4,2014-01-05,0,Late night
21,37,4,2014-01-06,0,Late night
21,37,4,2014-01-07,0,Late night
21,37,4,2014-01-08,0,Late night
21,37,4,2014-01-09,0,Late night
21,37,4,2014-01-12,0,Late night
21,37,4,2014-01-13,0,Late night
21,37,4,2014-01-14,0,Late night
21,37,4,2014-01-15,0,Late night
21,37,4,2014-01-16,0,Late night
21,63,2,2014-01-06,0,Late night
21,63,2,2014-01-07,0,Late night
21,63,2,2014-01-08,0,Late night
21,63,2,2014-01-15,0,Late night
21,38,2,2014-01-08,0,Late night
21,38,2,2014-01-12,0,Late night
21,38,2,2014-01-15,0,Late night
21,50,2,2014-01-14,0,Late night
21,65,1,2014-01-05,0,Late night
21,65,4,2014-01-06,0,Late night
21,65,1,2014-01-07,0,Late night
21,65,1,2014-01-08,0,Late night
21,65,1,2014-01-10,0,Late night
21,65,3,2014-01-12,0,Late night
21,65,7,2014-01-13,0,Late night
21,65,1,2014-01-14,0,Late night
21,65,1,2014-01-15,0,Late night
21,65,3,2014-01-16,0,Late night
21,70,4,2014-01-05,0,Late night
21,70,2,2014-01-06,0,Late night
21,70,1,2014-01-07,0,Late night
21,70,3,2014-01-08,0,Late night
21,70,2,2014-01-09,0,Late night
21,70,3,2014-01-10,0,Late night
21,70,2,2014-01-11,0,Late night
21,70,3,2014-01-12,0,Late night
21,70,2,2014-01-13,0,Late night
21,70,1,2014-01-14,0,Late night
21,70,3,2014-01-15,0,Late night
21,70,2,2014-01-16,0,Late night
21,70,1,2014-01-17,0,Late night
21,70,1,2014-01-18,0,Late night
21,85,2,2014-01-10,0,Late night
21,88,1,2014-01-12,0,Late night
21,88,3,2014-01-13,0,Late night
21,42,2,2014-01-16,0,Late night
21,43,2,2014-01-05,0,Late night
21,43,2,2014-01-06,0,Late night
21,43,4,2014-01-08,0,Late night
21,43,2,2014-01-09,0,Late night
21,43,2,2014-01-10,0,Late night
21,43,2,2014-01-11,0,Late night
21,43,4,2014-01-12,0,Late night
21,43,2,2014-01-15,0,Late night
21,43,2,2014-01-16,0,Late night
21,43,2,2014-01-17,0,Late night
21,89,2,2014-01-08,0,Late night
21,51,2,2014-01-07,0,Late night
21,51,2,2014-01-10,0,Late night
21,57,2,2014-01-18,0,Late night
21,67,4,2014-01-09,0,Late night
21,67,2,2014-01-16,0,Late night
21,78,4,2014-01-15,0,Late night
21,61,4,2014-01-14,0,Late night
21,46,2,2014-01-09,0,Late night
21,68,2,2014-01-13,0,Late night
31,39,2,2014-01-05,0,Late night
31,39,2,2014-01-12,0,Late night
31,39,2,2014-01-15,0,Late night
31,87,2,2014-01-17,0,Late night
31,45,2,2014-01-05,0,Late night
31,45,2,2014-01-06,0,Late night
31,45,2,2014-01-07,0,Late night
31,45,2,2014-01-08,0,Late night
31,45,2,2014-01-09,0,Late night
31,45,2,2014-01-12,0,Late night
31,45,2,2014-01-13,0,Late night
31,45,2,2014-01-14,0,Late night
31,45,2,2014-01-15,0,Late night
31,45,2,2014-01-16,0,Late night
31,37,4,2014-01-05,0,Late night
31,37,4,2014-01-06,0,Late night
31,37,4,2014-01-07,0,Late night
31,37,2,2014-01-08,0,Late night
31,37,4,2014-01-09,0,Late night
31,37,4,2014-01-12,0,Late night
31,37,2,2014-01-13,0,Late night
31,37,4,2014-01-14,0,Late night
31,37,4,2014-01-15,0,Late night
31,37,2,2014-01-16,0,Late night
31,63,2,2014-01-07,0,Late night
31,63,4,2014-01-11,0,Late night
31,41,2,2014-01-08,0,Late night
31,41,4,2014-01-12,0,Late night
31,41,2,2014-01-14,0,Late night
31,41,2,2014-01-18,0,Late night
31,50,2,2014-01-17,0,Late night
31,60,1,2014-01-05,0,Late night
31,60,2,2014-01-06,0,Late night
31,60,4,2014-01-07,0,Late night
31,60,4,2014-01-08,0,Late night
31,60,2,2014-01-09,0,Late night
31,60,2,2014-01-10,0,Late night
31,60,4,2014-01-11,0,Late night
31,60,4,2014-01-12,0,Late night
31,60,2,2014-01-13,0,Late night
31,60,4,2014-01-14,0,Late night
31,60,4,2014-01-15,0,Late night
31,60,4,2014-01-16,0,Late night
31,60,2,2014-01-17,0,Late night
31,60,1,2014-01-18,0,Late night
31,42,2,2014-01-06,0,Late night
31,42,2,2014-01-09,0,Late night
31,42,2,2014-01-10,0,Late night
31,43,2,2014-01-14,0,Late night
31,55,4,2014-01-17,0,Late night
31,46,4,2014-01-07,0,Late night
31,54,4,2014-01-11,0,Late night
31,54,2,2014-01-15,0,Late night
31,54,2,2014-01-16,0,Late night
28,39,2,2014-01-08,0,Late night
28,84,2,2014-01-13,0,Late night
28,45,2,2014-01-05,0,Late night
28,45,2,2014-01-06,0,Late night
28,45,2,2014-01-07,0,Late night
28,45,2,2014-01-08,0,Late night
28,45,2,2014-01-09,0,Late night
28,45,2,2014-01-12,0,Late night
28,45,2,2014-01-13,0,Late night
28,45,2,2014-01-14,0,Late night
28,45,2,2014-01-15,0,Late night
28,45,2,2014-01-16,0,Late night
28,37,4,2014-01-05,0,Late night
28,37,4,2014-01-06,0,Late night
28,37,4,2014-01-07,0,Late night
28,37,4,2014-01-08,0,Late night
28,37,4,2014-01-09,0,Late night
28,37,4,2014-01-12,0,Late night
28,37,4,2014-01-13,0,Late night
28,37,4,2014-01-14,0,Late night
28,37,4,2014-01-15,0,Late night
28,37,4,2014-01-16,0,Late night
28,63,2,2014-01-07,0,Late night
28,41,2,2014-01-05,0,Late night
28,41,4,2014-01-06,0,Late night
28,41,4,2014-01-07,0,Late night
28,41,2,2014-01-11,0,Late night
28,41,2,2014-01-14,0,Late night
28,41,2,2014-01-15,0,Late night
28,41,4,2014-01-16,0,Late night
28,41,2,2014-01-17,0,Late night
28,41,2,2014-01-18,0,Late night
28,60,5,2014-01-05,0,Late night
28,60,6,2014-01-06,0,Late night
28,60,4,2014-01-07,0,Late night
28,60,4,2014-01-08,0,Late night
28,60,2,2014-01-09,0,Late night
28,60,2,2014-01-10,0,Late night
28,60,2,2014-01-11,0,Late night
28,60,2,2014-01-12,0,Late night
28,60,4,2014-01-13,0,Late night
28,60,4,2014-01-14,0,Late night
28,60,4,2014-01-15,0,Late night
28,60,6,2014-01-16,0,Late night
28,60,6,2014-01-17,0,Late night
28,60,5,2014-01-18,0,Late night
28,42,2,2014-01-05,0,Late night
28,42,2,2014-01-09,0,Late night
28,43,2,2014-01-06,0,Late night
28,43,2,2014-01-10,0,Late night
28,43,2,2014-01-12,0,Late night
28,43,2,2014-01-15,0,Late night
28,43,2,2014-01-17,0,Late night
28,58,2,2014-01-17,0,Late night
28,57,2,2014-01-08,0,Late night
28,57,4,2014-01-18,0,Late night
28,46,2,2014-01-13,0,Late night
28,46,2,2014-01-14,0,Late night
28,46,2,2014-01-18,0,Late night
28,76,4,2014-01-05,0,Late night
27,39,2,2014-01-13,0,Late night
27,84,2,2014-01-05,0,Late night
27,84,2,2014-01-10,0,Late night
27,45,2,2014-01-05,0,Late night
27,45,3,2014-01-06,0,Late night
27,45,2,2014-01-07,0,Late night
27,45,2,2014-01-08,0,Late night
27,45,2,2014-01-09,0,Late night
27,45,2,2014-01-12,0,Late night
27,45,2,2014-01-14,0,Late night
27,45,2,2014-01-15,0,Late night
27,83,2,2014-01-13,0,Late night
27,56,2,2014-01-16,0,Late night
27,37,4,2014-01-05,0,Late night
27,37,4,2014-01-06,0,Late night
27,37,4,2014-01-07,0,Late night
27,37,4,2014-01-08,0,Late night
27,37,4,2014-01-09,0,Late night
27,37,4,2014-01-12,0,Late night
27,37,4,2014-01-13,0,Late night
27,37,6,2014-01-14,0,Late night
27,37,4,2014-01-15,0,Late night
27,37,6,2014-01-16,0,Late night
27,63,2,2014-01-15,0,Late night
27,44,2,2014-01-09,0,Late night
27,41,4,2014-01-07,0,Late night
27,41,2,2014-01-08,0,Late night
27,41,2,2014-01-14,0,Late night
27,41,2,2014-01-16,0,Late night
27,41,2,2014-01-18,0,Late night
27,50,2,2014-01-08,0,Late night
27,50,2,2014-01-10,0,Late night
27,50,4,2014-01-12,0,Late night
27,50,2,2014-01-14,0,Late night
27,80,3,2014-01-07,0,Late night
27,80,1,2014-01-08,0,Late night
27,88,2,2014-01-13,0,Late night
27,66,3,2014-01-05,0,Late night
27,66,2,2014-01-06,0,Late night
27,66,7,2014-01-07,0,Late night
27,66,9,2014-01-08,0,Late night
27,66,8,2014-01-09,0,Late night
27,66,4,2014-01-10,0,Late night
27,66,2,2014-01-12,0,Late night
27,66,4,2014-01-13,0,Late night
27,66,4,2014-01-14,0,Late night
27,66,4,2014-01-15,0,Late night
27,66,6,2014-01-16,0,Late night
27,66,2,2014-01-17,0,Late night
27,66,5,2014-01-18,0,Late night
27,42,2,2014-01-05,0,Late night
27,42,2,2014-01-09,0,Late night
27,43,2,2014-01-06,0,Late night
27,43,2,2014-01-16,0,Late night
27,43,2,2014-01-17,0,Late night
27,43,2,2014-01-18,0,Late night
27,89,2,2014-01-07,0,Late night
27,51,4,2014-01-06,0,Late night
27,57,2,2014-01-12,0,Late night
27,57,4,2014-01-13,0,Late night
27,67,4,2014-01-14,0,Late night
27,78,2,2014-01-09,0,Late night
27,78,2,2014-01-15,0,Late night
27,61,2,2014-01-08,0,Late night
27,61,4,2014-01-13,0,Late night
27,68,2,2014-01-15,0,Late night
27,76,2,2014-01-12,0,Late night
29,39,2,2014-01-16,0,Late night
29,84,2,2014-01-11,0,Late night
29,84,2,2014-01-18,0,Late night
29,56,2,2014-01-05,0,Late night
29,56,2,2014-01-06,0,Late night
29,56,2,2014-01-07,0,Late night
29,56,2,2014-01-08,0,Late night
29,56,2,2014-01-09,0,Late night
29,56,2,2014-01-12,0,Late night
29,56,2,2014-01-13,0,Late night
29,56,2,2014-01-14,0,Late night
29,56,3,2014-01-16,0,Late night
29,37,4,2014-01-05,0,Late night
29,37,4,2014-01-06,0,Late night
29,37,4,2014-01-07,0,Late night
29,37,4,2014-01-08,0,Late night
29,37,4,2014-01-09,0,Late night
29,37,4,2014-01-12,0,Late night
29,37,4,2014-01-13,0,Late night
29,37,4,2014-01-14,0,Late night
29,37,4,2014-01-15,0,Late night
29,37,4,2014-01-16,0,Late night
29,63,2,2014-01-13,0,Late night
29,41,2,2014-01-12,0,Late night
29,41,2,2014-01-14,0,Late night
29,50,2,2014-01-08,0,Late night
29,50,2,2014-01-11,0,Late night
29,50,2,2014-01-18,0,Late night
29,49,2,2014-01-09,0,Late night
29,62,5,2014-01-05,0,Late night
29,62,4,2014-01-06,0,Late night
29,62,4,2014-01-07,0,Late night
29,62,2,2014-01-08,0,Late night
29,62,4,2014-01-09,0,Late night
29,62,4,2014-01-10,0,Late night
29,62,6,2014-01-11,0,Late night
29,62,6,2014-01-12,0,Late night
29,62,2,2014-01-13,0,Late night
29,62,4,2014-01-14,0,Late night
29,62,4,2014-01-15,0,Late night
29,62,6,2014-01-16,0,Late night
29,62,1,2014-01-17,0,Late night
29,62,4,2014-01-18,0,Late night
29,43,2,2014-01-05,0,Late night
29,43,4,2014-01-06,0,Late night
29,43,6,2014-01-07,0,Late night
29,43,2,2014-01-09,0,Late night
29,43,4,2014-01-10,0,Late night
29,43,2,2014-01-11,0,Late night
29,43,2,2014-01-12,0,Late night
29,43,2,2014-01-14,0,Late night
29,43,2,2014-01-15,0,Late night
29,43,3,2014-01-16,0,Late night
29,55,1,2014-01-17,0,Late night
29,55,1,2014-01-18,0,Late night
29,57,4,2014-01-05,0,Late night
29,46,2,2014-01-06,0,Late night
29,46,2,2014-01-15,0,Late night
29,54,4,2014-01-18,0,Late night
17,39,2,2014-01-09,0,Late night
17,39,2,2014-01-10,0,Late night
17,39,2,2014-01-13,0,Late night
17,37,4,2014-01-05,0,Late night
17,37,4,2014-01-06,0,Late night
17,37,4,2014-01-07,0,Late night
17,37,4,2014-01-08,0,Late night
17,37,4,2014-01-09,0,Late night
17,37,4,2014-01-12,0,Late night
17,37,4,2014-01-13,0,Late night
17,37,4,2014-01-14,0,Late night
17,37,4,2014-01-15,0,Late night
17,37,4,2014-01-16,0,Late night
17,63,2,2014-01-06,0,Late night
17,63,2,2014-01-16,0,Late night
17,41,2,2014-01-05,0,Late night
17,38,2,2014-01-05,0,Late night
17,38,4,2014-01-06,0,Late night
17,38,2,2014-01-07,0,Late night
17,38,2,2014-01-08,0,Late night
17,38,2,2014-01-09,0,Late night
17,38,2,2014-01-12,0,Late night
17,38,2,2014-01-13,0,Late night
17,38,2,2014-01-14,0,Late night
17,38,2,2014-01-15,0,Late night
17,38,4,2014-01-16,0,Late night
17,50,2,2014-01-08,0,Late night
17,50,2,2014-01-15,0,Late night
17,49,1,2014-01-09,0,Late night
17,49,1,2014-01-10,0,Late night
17,82,5,2014-01-05,0,Late night
17,82,6,2014-01-06,0,Late night
17,82,4,2014-01-07,0,Late night
17,82,4,2014-01-08,0,Late night
17,82,3,2014-01-09,0,Late night
17,82,9,2014-01-10,0,Late night
17,82,4,2014-01-11,0,Late night
17,82,6,2014-01-12,0,Late night
17,82,2,2014-01-13,0,Late night
17,82,4,2014-01-14,0,Late night
17,82,2,2014-01-15,0,Late night
17,82,6,2014-01-16,0,Late night
17,82,4,2014-01-17,0,Late night
17,82,1,2014-01-18,0,Late night
17,43,2,2014-01-06,0,Late night
17,43,4,2014-01-07,0,Late night
17,43,2,2014-01-08,0,Late night
17,43,2,2014-01-10,0,Late night
17,43,2,2014-01-12,0,Late night
17,43,4,2014-01-14,0,Late night
17,43,2,2014-01-16,0,Late night
17,43,2,2014-01-17,0,Late night
17,43,2,2014-01-18,0,Late night
17,57,2,2014-01-05,0,Late night
17,46,2,2014-01-11,0,Late night
17,46,2,2014-01-12,0,Late night
17,68,2,2014-01-10,0,Late night
17,54,2,2014-01-11,0,Late night
25,39,2,2014-01-08,0,Late night
25,39,2,2014-01-09,0,Late night
25,39,2,2014-01-14,0,Late night
25,37,4,2014-01-05,0,Late night
25,37,4,2014-01-06,0,Late night
25,37,4,2014-01-07,0,Late night
25,37,4,2014-01-08,0,Late night
25,37,4,2014-01-09,0,Late night
25,37,4,2014-01-12,0,Late night
25,37,4,2014-01-13,0,Late night
25,37,4,2014-01-14,0,Late night
25,37,4,2014-01-15,0,Late night
25,37,4,2014-01-16,0,Late night
25,63,2,2014-01-05,0,Late night
25,63,2,2014-01-16,0,Late night
25,38,2,2014-01-05,0,Late night
25,38,2,2014-01-06,0,Late night
25,38,2,2014-01-07,0,Late night
25,38,2,2014-01-08,0,Late night
25,38,2,2014-01-09,0,Late night
25,38,2,2014-01-12,0,Late night
25,38,2,2014-01-13,0,Late night
25,38,2,2014-01-14,0,Late night
25,38,2,2014-01-15,0,Late night
25,38,2,2014-01-16,0,Late night
25,50,2,2014-01-06,0,Late night
25,77,3,2014-01-05,0,Late night
25,77,4,2014-01-06,0,Late night
25,77,2,2014-01-07,0,Late night
25,77,4,2014-01-08,0,Late night
25,77,2,2014-01-09,0,Late night
25,77,2,2014-01-10,0,Late night
25,77,6,2014-01-11,0,Late night
25,77,2,2014-01-12,0,Late night
25,77,4,2014-01-13,0,Late night
25,77,4,2014-01-14,0,Late night
25,77,4,2014-01-15,0,Late night
25,77,4,2014-01-16,0,Late night
25,77,1,2014-01-18,0,Late night
25,42,2,2014-01-07,0,Late night
25,42,2,2014-01-11,0,Late night
25,42,2,2014-01-13,0,Late night
25,42,2,2014-01-15,0,Late night
25,43,2,2014-01-05,0,Late night
25,43,2,2014-01-06,0,Late night
25,43,2,2014-01-08,0,Late night
25,43,2,2014-01-10,0,Late night
25,43,4,2014-01-11,0,Late night
25,43,2,2014-01-12,0,Late night
25,43,2,2014-01-13,0,Late night
25,43,2,2014-01-14,0,Late night
25,43,2,2014-01-15,0,Late night
25,43,2,2014-01-16,0,Late night
25,43,4,2014-01-18,0,Late night
36,53,3,2014-01-05,0,Late night
36,53,4,2014-01-06,0,Late night
36,53,4,2014-01-07,0,Late night
36,53,4,2014-01-08,0,Late night
36,53,4,2014-01-09,0,Late night
36,53,2,2014-01-10,0,Late night
36,53,1,2014-01-11,0,Late night
36,53,4,2014-01-12,0,Late night
36,53,6,2014-01-13,0,Late night
36,53,4,2014-01-14,0,Late night
36,53,4,2014-01-15,0,Late night
36,53,6,2014-01-16,0,Late night
36,53,1,2014-01-17,0,Late night
36,53,8,2014-01-18,0,Late night
36,66,1,2014-01-17,0,Late night
36,52,2,2014-01-05,0,Late night
36,52,2,2014-01-06,0,Late night
36,52,2,2014-01-07,0,Late night
36,52,4,2014-01-08,0,Late night
36,52,2,2014-01-09,0,Late night
36,52,2,2014-01-12,0,Late night
36,52,4,2014-01-13,0,Late night
36,52,2,2014-01-14,0,Late night
36,52,2,2014-01-15,0,Late night
36,52,4,2014-01-16,0,Late night
19,39,3,2014-01-14,0,Late night
20,39,3,2014-01-14,0,Late night
19,39,2,2014-01-15,0,Late night
20,39,2,2014-01-15,0,Late night
19,56,2,2014-01-05,0,Late night
20,56,2,2014-01-05,0,Late night
19,56,2,2014-01-06,0,Late night
20,56,2,2014-01-06,0,Late night
19,56,2,2014-01-07,0,Late night
20,56,2,2014-01-07,0,Late night
19,56,2,2014-01-08,0,Late night
20,56,2,2014-01-08,0,Late night
19,56,2,2014-01-09,0,Late night
20,56,2,2014-01-09,0,Late night
19,56,2,2014-01-12,0,Late night
20,56,2,2014-01-12,0,Late night
19,56,2,2014-01-13,0,Late night
20,56,2,2014-01-13,0,Late night
19,56,2,2014-01-14,0,Late night
20,56,2,2014-01-14,0,Late night
19,56,2,2014-01-15,0,Late night
20,56,2,2014-01-15,0,Late night
19,56,2,2014-01-16,0,Late night
20,56,2,2014-01-16,0,Late night
19,37,4,2014-01-05,0,Late night
20,37,4,2014-01-05,0,Late night
19,37,4,2014-01-06,0,Late night
20,37,4,2014-01-06,0,Late night
19,37,4,2014-01-07,0,Late night
20,37,4,2014-01-07,0,Late night
19,37,4,2014-01-08,0,Late night
20,37,4,2014-01-08,0,Late night
19,37,4,2014-01-09,0,Late night
20,37,4,2014-01-09,0,Late night
19,37,4,2014-01-12,0,Late night
20,37,4,2014-01-12,0,Late night
19,37,4,2014-01-13,0,Late night
20,37,4,2014-01-13,0,Late night
19,37,4,2014-01-14,0,Late night
20,37,4,2014-01-14,0,Late night
19,37,4,2014-01-15,0,Late night
20,37,4,2014-01-15,0,Late night
19,37,4,2014-01-16,0,Late night
20,37,4,2014-01-16,0,Late night
19,63,2,2014-01-06,0,Late night
20,63,2,2014-01-06,0,Late night
19,63,2,2014-01-09,0,Late night
20,63,2,2014-01-09,0,Late night
19,44,2,2014-01-17,0,Late night
20,44,2,2014-01-17,0,Late night
19,41,2,2014-01-08,0,Late night
20,41,2,2014-01-08,0,Late night
19,41,2,2014-01-10,0,Late night
20,41,2,2014-01-10,0,Late night
19,50,2,2014-01-10,0,Late night
20,50,2,2014-01-10,0,Late night
19,62,3,2014-01-05,0,Late night
20,62,3,2014-01-05,0,Late night
19,62,4,2014-01-06,0,Late night
20,62,4,2014-01-06,0,Late night
19,62,6,2014-01-07,0,Late night
20,62,6,2014-01-07,0,Late night
19,62,4,2014-01-08,0,Late night
20,62,4,2014-01-08,0,Late night
19,62,4,2014-01-09,0,Late night
20,62,4,2014-01-09,0,Late night
19,62,5,2014-01-10,0,Late night
20,62,5,2014-01-10,0,Late night
19,62,7,2014-01-11,0,Late night
20,62,7,2014-01-11,0,Late night
19,62,4,2014-01-12,0,Late night
20,62,4,2014-01-12,0,Late night
19,62,4,2014-01-13,0,Late night
20,62,4,2014-01-13,0,Late night
19,62,6,2014-01-14,0,Late night
20,62,6,2014-01-14,0,Late night
19,62,4,2014-01-15,0,Late night
20,62,4,2014-01-15,0,Late night
19,62,2,2014-01-16,0,Late night
20,62,2,2014-01-16,0,Late night
19,62,4,2014-01-17,0,Late night
20,62,4,2014-01-17,0,Late night
19,62,1,2014-01-18,0,Late night
20,62,1,2014-01-18,0,Late night
19,42,2,2014-01-07,0,Late night
20,42,2,2014-01-07,0,Late night
19,42,2,2014-01-10,0,Late night
20,42,2,2014-01-10,0,Late night
19,43,2,2014-01-05,0,Late night
20,43,2,2014-01-05,0,Late night
19,43,2,2014-01-06,0,Late night
20,43,2,2014-01-06,0,Late night
19,43,2,2014-01-07,0,Late night
20,43,2,2014-01-07,0,Late night
19,43,4,2014-01-08,0,Late night
20,43,4,2014-01-08,0,Late night
19,43,2,2014-01-09,0,Late night
20,43,2,2014-01-09,0,Late night
19,43,4,2014-01-11,0,Late night
20,43,4,2014-01-11,0,Late night
19,43,6,2014-01-12,0,Late night
20,43,6,2014-01-12,0,Late night
19,43,4,2014-01-13,0,Late night
20,43,4,2014-01-13,0,Late night
19,43,4,2014-01-14,0,Late night
20,43,4,2014-01-14,0,Late night
19,43,2,2014-01-15,0,Late night
20,43,2,2014-01-15,0,Late night
19,43,2,2014-01-16,0,Late night
20,43,2,2014-01-16,0,Late night
19,43,2,2014-01-17,0,Late night
20,43,2,2014-01-17,0,Late night
19,57,4,2014-01-10,0,Late night
20,57,4,2014-01-10,0,Late night
19,46,2,2014-01-05,0,Late night
20,46,2,2014-01-05,0,Late night
19,46,2,2014-01-10,0,Late night
20,46,2,2014-01-10,0,Late night
19,46,2,2014-01-17,0,Late night
20,46,2,2014-01-17,0,Late night
19,54,2,2014-01-11,0,Late night
20,54,2,2014-01-11,0,Late night
19,76,2,2014-01-10,0,Late night
20,76,2,2014-01-10,0,Late night
30,39,2,2014-01-10,0,Late night
30,39,2,2014-01-15,0,Late night
30,39,4,2014-01-18,0,Late night
30,87,2,2014-01-11,0,Late night
30,45,2,2014-01-05,0,Late night
30,45,2,2014-01-06,0,Late night
30,45,2,2014-01-07,0,Late night
30,45,2,2014-01-08,0,Late night
30,45,2,2014-01-09,0,Late night
30,45,2,2014-01-12,0,Late night
30,45,2,2014-01-13,0,Late night
30,45,2,2014-01-14,0,Late night
30,45,2,2014-01-15,0,Late night
30,45,2,2014-01-16,0,Late night
30,37,6,2014-01-05,0,Late night
30,37,4,2014-01-06,0,Late night
30,37,2,2014-01-07,0,Late night
30,37,4,2014-01-08,0,Late night
30,37,6,2014-01-09,0,Late night
30,37,4,2014-01-12,0,Late night
30,37,4,2014-01-13,0,Late night
30,37,4,2014-01-14,0,Late night
30,37,4,2014-01-15,0,Late night
30,37,4,2014-01-16,0,Late night
30,44,4,2014-01-17,0,Late night
30,41,2,2014-01-05,0,Late night
30,41,2,2014-01-07,0,Late night
30,41,2,2014-01-08,0,Late night
30,41,2,2014-01-09,0,Late night
30,41,4,2014-01-11,0,Late night
30,41,2,2014-01-12,0,Late night
30,41,2,2014-01-15,0,Late night
30,41,4,2014-01-16,0,Late night
30,41,2,2014-01-18,0,Late night
30,50,2,2014-01-09,0,Late night
30,50,2,2014-01-13,0,Late night
30,60,3,2014-01-05,0,Late night
30,60,4,2014-01-06,0,Late night
30,60,6,2014-01-07,0,Late night
30,60,4,2014-01-08,0,Late night
30,60,4,2014-01-09,0,Late night
30,60,5,2014-01-10,0,Late night
30,60,4,2014-01-11,0,Late night
30,60,4,2014-01-12,0,Late night
30,60,4,2014-01-13,0,Late night
30,60,2,2014-01-14,0,Late night
30,60,4,2014-01-15,0,Late night
30,60,4,2014-01-16,0,Late night
30,60,8,2014-01-17,0,Late night
30,60,5,2014-01-18,0,Late night
30,42,2,2014-01-14,0,Late night
30,42,2,2014-01-17,0,Late night
30,43,2,2014-01-05,0,Late night
30,57,4,2014-01-06,0,Late night
30,57,2,2014-01-08,0,Late night
30,57,2,2014-01-10,0,Late night
30,57,4,2014-01-13,0,Late night
30,46,4,2014-01-06,0,Late night
30,54,2,2014-01-12,0,Late night
35,39,2,2014-01-16,0,Late night
35,79,1,2014-01-16,0,Late night
35,79,4,2014-01-17,0,Late night
35,79,3,2014-01-18,0,Late night
35,95,2,2014-01-18,0,Late night
35,37,4,2014-01-16,0,Late night
35,41,2,2014-01-18,0,Late night
35,38,2,2014-01-16,0,Late night
35,43,2,2014-01-17,0,Late night
7,39,2,2014-01-17,0,Late night
7,84,2,2014-01-10,0,Late night
7,84,2,2014-01-17,0,Late night
7,95,4,2014-01-18,0,Late night
7,37,4,2014-01-05,0,Late night
7,37,4,2014-01-06,0,Late night
7,37,4,2014-01-07,0,Late night
7,37,4,2014-01-08,0,Late night
7,37,4,2014-01-09,0,Late night
7,37,6,2014-01-12,0,Late night
7,37,4,2014-01-13,0,Late night
7,37,4,2014-01-14,0,Late night
7,37,4,2014-01-15,0,Late night
7,37,4,2014-01-16,0,Late night
7,63,2,2014-01-12,0,Late night
7,63,2,2014-01-16,0,Late night
7,41,2,2014-01-06,0,Late night
7,41,2,2014-01-09,0,Late night
7,50,6,2014-01-05,0,Late night
7,50,2,2014-01-06,0,Late night
7,50,2,2014-01-08,0,Late night
7,50,2,2014-01-09,0,Late night
7,50,4,2014-01-11,0,Late night
7,50,2,2014-01-12,0,Late night
7,50,2,2014-01-14,0,Late night
7,50,2,2014-01-15,0,Late night
7,50,2,2014-01-18,0,Late night
7,80,5,2014-01-05,0,Late night
7,80,6,2014-01-06,0,Late night
7,80,2,2014-01-07,0,Late night
7,80,4,2014-01-08,0,Late night
7,80,4,2014-01-09,0,Late night
7,80,6,2014-01-10,0,Late night
7,80,8,2014-01-11,0,Late night
7,80,6,2014-01-12,0,Late night
7,80,2,2014-01-13,0,Late night
7,80,6,2014-01-14,0,Late night
7,80,2,2014-01-15,0,Late night
7,80,2,2014-01-16,0,Late night
7,80,6,2014-01-17,0,Late night
7,80,1,2014-01-18,0,Late night
7,74,2,2014-01-05,0,Late night
7,74,2,2014-01-06,0,Late night
7,74,2,2014-01-07,0,Late night
7,74,2,2014-01-08,0,Late night
7,74,2,2014-01-09,0,Late night
7,74,4,2014-01-12,0,Late night
7,74,2,2014-01-13,0,Late night
7,74,2,2014-01-14,0,Late night
7,74,2,2014-01-15,0,Late night
7,42,2,2014-01-14,0,Late night
7,43,2,2014-01-08,0,Late night
7,43,2,2014-01-10,0,Late night
7,43,2,2014-01-13,0,Late night
7,58,2,2014-01-10,0,Late night
7,46,2,2014-01-07,0,Late night
7,46,2,2014-01-11,0,Late night
7,54,2,2014-01-17,0,Late night
23,39,2,2014-01-06,0,Late night
23,39,2,2014-01-11,0,Late night
23,39,2,2014-01-12,0,Late night
23,87,2,2014-01-10,0,Late night
23,45,2,2014-01-05,0,Late night
23,45,2,2014-01-06,0,Late night
23,45,2,2014-01-07,0,Late night
23,45,2,2014-01-08,0,Late night
23,45,2,2014-01-09,0,Late night
23,45,2,2014-01-12,0,Late night
23,45,2,2014-01-13,0,Late night
23,45,2,2014-01-14,0,Late night
23,45,2,2014-01-15,0,Late night
23,45,2,2014-01-16,0,Late night
23,79,2,2014-01-07,0,Late night
23,79,2,2014-01-09,0,Late night
23,79,2,2014-01-13,0,Late night
23,79,2,2014-01-16,0,Late night
23,37,4,2014-01-05,0,Late night
23,37,4,2014-01-06,0,Late night
23,37,6,2014-01-07,0,Late night
23,37,4,2014-01-08,0,Late night
23,37,6,2014-01-09,0,Late night
23,37,4,2014-01-12,0,Late night
23,37,4,2014-01-13,0,Late night
23,37,4,2014-01-14,0,Late night
23,37,4,2014-01-15,0,Late night
23,37,4,2014-01-16,0,Late night
23,41,2,2014-01-06,0,Late night
23,41,2,2014-01-07,0,Late night
23,41,4,2014-01-12,0,Late night
23,41,2,2014-01-15,0,Late night
23,41,2,2014-01-16,0,Late night
23,41,4,2014-01-18,0,Late night
23,50,2,2014-01-08,0,Late night
23,50,2,2014-01-10,0,Late night
23,50,2,2014-01-14,0,Late night
23,49,2,2014-01-09,0,Late night
23,66,1,2014-01-05,0,Late night
23,66,4,2014-01-06,0,Late night
23,66,6,2014-01-07,0,Late night
23,66,2,2014-01-08,0,Late night
23,66,4,2014-01-09,0,Late night
23,66,2,2014-01-10,0,Late night
23,66,2,2014-01-11,0,Late night
23,66,4,2014-01-12,0,Late night
23,66,2,2014-01-13,0,Late night
23,66,4,2014-01-14,0,Late night
23,66,4,2014-01-15,0,Late night
23,66,4,2014-01-16,0,Late night
23,66,1,2014-01-18,0,Late night
23,43,2,2014-01-15,0,Late night
23,57,2,2014-01-14,0,Late night
23,46,2,2014-01-05,0,Late night
8,39,2,2014-01-15,0,Late night
8,39,2,2014-01-17,0,Late night
8,87,2,2014-01-10,0,Late night
8,45,2,2014-01-05,0,Late night
8,45,2,2014-01-06,0,Late night
8,45,2,2014-01-07,0,Late night
8,45,2,2014-01-08,0,Late night
8,45,2,2014-01-09,0,Late night
8,45,2,2014-01-12,0,Late night
8,45,2,2014-01-13,0,Late night
8,45,2,2014-01-14,0,Late night
8,45,2,2014-01-15,0,Late night
8,45,2,2014-01-16,0,Late night
8,37,4,2014-01-05,0,Late night
8,37,4,2014-01-06,0,Late night
8,37,4,2014-01-07,0,Late night
8,37,4,2014-01-08,0,Late night
8,37,8,2014-01-09,0,Late night
8,37,4,2014-01-12,0,Late night
8,37,4,2014-01-13,0,Late night
8,37,4,2014-01-14,0,Late night
8,37,4,2014-01-15,0,Late night
8,37,4,2014-01-16,0,Late night
8,63,2,2014-01-08,0,Late night
8,44,2,2014-01-08,0,Late night
8,44,2,2014-01-14,0,Late night
8,41,4,2014-01-06,0,Late night
8,41,2,2014-01-09,0,Late night
8,41,2,2014-01-12,0,Late night
8,41,2,2014-01-13,0,Late night
8,41,2,2014-01-14,0,Late night
8,41,2,2014-01-15,0,Late night
8,41,2,2014-01-16,0,Late night
8,50,2,2014-01-05,0,Late night
8,50,2,2014-01-07,0,Late night
8,50,2,2014-01-09,0,Late night
8,50,2,2014-01-10,0,Late night
8,50,2,2014-01-16,0,Late night
8,75,1,2014-01-05,0,Late night
8,75,4,2014-01-06,0,Late night
8,75,2,2014-01-07,0,Late night
8,75,4,2014-01-08,0,Late night
8,75,4,2014-01-09,0,Late night
8,75,2,2014-01-10,0,Late night
8,75,6,2014-01-12,0,Late night
8,75,4,2014-01-13,0,Late night
8,75,6,2014-01-14,0,Late night
8,75,4,2014-01-15,0,Late night
8,75,6,2014-01-16,0,Late night
8,75,2,2014-01-17,0,Late night
8,75,1,2014-01-18,0,Late night
8,42,2,2014-01-06,0,Late night
8,43,2,2014-01-13,0,Late night
8,43,2,2014-01-18,0,Late night
8,55,2,2014-01-17,0,Late night
8,57,4,2014-01-18,0,Late night
8,59,2,2014-01-09,0,Late night
8,46,2,2014-01-12,0,Late night
1,39,2,2014-01-07,0,Late night
1,39,4,2014-01-08,0,Late night
1,95,2,2014-01-11,0,Late night
1,95,2,2014-01-18,0,Late night
1,37,4,2014-01-05,0,Late night
1,37,4,2014-01-06,0,Late night
1,37,6,2014-01-07,0,Late night
1,37,4,2014-01-08,0,Late night
1,37,4,2014-01-09,0,Late night
1,37,4,2014-01-12,0,Late night
1,37,4,2014-01-13,0,Late night
1,37,4,2014-01-14,0,Late night
1,37,4,2014-01-15,0,Late night
1,37,6,2014-01-16,0,Late night
1,63,2,2014-01-06,0,Late night
1,63,2,2014-01-13,0,Late night
1,63,4,2014-01-14,0,Late night
1,63,2,2014-01-15,0,Late night
1,44,2,2014-01-14,0,Late night
1,41,2,2014-01-05,0,Late night
1,41,2,2014-01-12,0,Late night
1,50,2,2014-01-06,0,Late night
1,50,2,2014-01-07,0,Late night
1,50,2,2014-01-08,0,Late night
1,50,4,2014-01-09,0,Late night
1,50,4,2014-01-12,0,Late night
1,50,2,2014-01-13,0,Late night
1,50,2,2014-01-15,0,Late night
1,50,2,2014-01-16,0,Late night
1,50,2,2014-01-17,0,Late night
1,50,2,2014-01-18,0,Late night
1,85,1,2014-01-05,0,Late night
1,85,4,2014-01-06,0,Late night
1,85,8,2014-01-07,0,Late night
1,85,6,2014-01-08,0,Late night
1,85,6,2014-01-09,0,Late night
1,85,4,2014-01-10,0,Late night
1,85,4,2014-01-11,0,Late night
1,85,4,2014-01-12,0,Late night
1,85,6,2014-01-13,0,Late night
1,85,6,2014-01-14,0,Late night
1,85,4,2014-01-15,0,Late night
1,85,6,2014-01-16,0,Late night
1,85,6,2014-01-17,0,Late night
1,85,3,2014-01-18,0,Late night
1,74,4,2014-01-05,0,Late night
1,74,4,2014-01-06,0,Late night
1,74,4,2014-01-07,0,Late night
1,74,4,2014-01-08,0,Late night
1,74,4,2014-01-09,0,Late night
1,74,2,2014-01-12,0,Late night
1,74,4,2014-01-13,0,Late night
1,74,4,2014-01-14,0,Late night
1,74,2,2014-01-15,0,Late night
1,74,2,2014-01-16,0,Late night
1,42,2,2014-01-16,0,Late night
1,42,2,2014-01-17,0,Late night
1,55,2,2014-01-10,0,Late night
1,57,2,2014-01-17,0,Late night
